{
  "data": [
      {
          "scantime": "2021-09-06 08:02:53Z",
          "soil_temperature": 22.950006103515648,
          "soil_moisture": 22.33333396911621
      }
  ]
}
